source,hour_start_UTC,lon0,lat0,lon1,lat1,mass_kg
TK1,2023-03-19T08:00:00,80.0,39.0,81.0,40.0,46040.822717213014
TK1,2023-03-19T08:00:00,80.0,40.0,81.0,41.0,2361.0678316519516
TK1,2023-03-19T08:00:00,81.0,39.0,82.0,40.0,36596.55139060522
TK1,2023-03-19T08:00:00,81.0,40.0,82.0,41.0,40138.153138083144
TK1,2023-03-19T08:00:00,81.0,41.0,82.0,42.0,135761.40031998703
TK1,2023-03-19T08:00:00,82.0,40.0,83.0,41.0,34235.483558953274
TK1,2023-03-19T08:00:00,82.0,41.0,83.0,42.0,233745.71533354287
TK1,2023-03-19T08:00:00,83.0,39.0,84.0,40.0,67290.43320208055
TK1,2023-03-19T08:00:00,83.0,40.0,84.0,41.0,64929.3653704286
TK1,2023-03-19T08:00:00,83.0,41.0,84.0,42.0,210135.0370170234
TK1,2023-03-19T08:00:00,84.0,38.0,85.0,39.0,55485.094043820805
TK1,2023-03-19T08:00:00,84.0,39.0,85.0,40.0,135761.40031998703
TK1,2023-03-19T08:00:00,84.0,40.0,85.0,41.0,88540.04368694808
TK1,2023-03-19T08:00:00,84.0,41.0,85.0,42.0,16527.47482156366
TK1,2023-03-19T08:00:00,85.0,38.0,86.0,39.0,82637.3741078182
TK1,2023-03-19T08:00:00,85.0,40.0,86.0,41.0,75554.17061286236
TK1,2023-03-19T08:00:00,86.0,38.0,87.0,39.0,2361.0678316519516
TK1,2023-03-19T08:00:00,88.0,37.0,89.0,38.0,1180.5339158259758
TK1,2023-03-19T08:00:00,88.0,38.0,89.0,39.0,1180.5339158259758
TK1,2023-03-19T09:00:00,80.0,39.0,81.0,40.0,8263.73741078183
TK1,2023-03-19T09:00:00,81.0,38.0,82.0,39.0,5902.669579129879
TK1,2023-03-19T09:00:00,81.0,39.0,82.0,40.0,48401.89054886496
TK1,2023-03-19T09:00:00,81.0,40.0,82.0,41.0,42499.22096973509
TK1,2023-03-19T09:00:00,81.0,41.0,82.0,42.0,132219.7985725091
TK1,2023-03-19T09:00:00,82.0,40.0,83.0,41.0,103886.98459268574
TK1,2023-03-19T09:00:00,82.0,41.0,83.0,42.0,247912.12232345456
TK1,2023-03-19T09:00:00,83.0,39.0,84.0,40.0,97984.31501355587
TK1,2023-03-19T09:00:00,83.0,40.0,84.0,41.0,205412.9013537195
TK1,2023-03-19T09:00:00,83.0,41.0,84.0,42.0,253814.79190258443
TK1,2023-03-19T09:00:00,84.0,38.0,85.0,39.0,110970.18808764158
TK1,2023-03-19T09:00:00,84.0,39.0,85.0,40.0,362423.9121585765
TK1,2023-03-19T09:00:00,84.0,40.0,85.0,41.0,105067.51850851171
TK1,2023-03-19T09:00:00,84.0,41.0,85.0,42.0,81456.84019199223
TK1,2023-03-19T09:00:00,85.0,38.0,86.0,39.0,361243.3782427505
TK1,2023-03-19T09:00:00,85.0,39.0,86.0,40.0,135761.40031998703
TK1,2023-03-19T09:00:00,85.0,40.0,86.0,41.0,7083.203494955855
TK1,2023-03-19T09:00:00,86.0,38.0,87.0,39.0,21249.61048486756
TK1,2023-03-19T09:00:00,86.0,39.0,87.0,40.0,14166.40698991171
TK1,2023-03-19T09:00:00,87.0,38.0,88.0,39.0,56665.62795964678
TK1,2023-03-19T09:00:00,88.0,38.0,89.0,39.0,1180.5339158259758
TK1,2023-03-19T10:00:00,81.0,39.0,82.0,40.0,122775.52724590132
TK1,2023-03-19T10:00:00,81.0,41.0,82.0,42.0,275064.40238745225
TK1,2023-03-19T10:00:00,82.0,40.0,83.0,41.0,135761.40031998703
TK1,2023-03-19T10:00:00,82.0,41.0,83.0,42.0,373048.7174010105
TK1,2023-03-19T10:00:00,83.0,39.0,84.0,40.0,238467.85099684677
TK1,2023-03-19T10:00:00,83.0,40.0,84.0,41.0,632766.1788827311
TK1,2023-03-19T10:00:00,83.0,41.0,84.0,42.0,145205.67164659483
TK1,2023-03-19T10:00:00,84.0,38.0,85.0,39.0,393117.79397005256
TK1,2023-03-19T10:00:00,84.0,39.0,85.0,40.0,808665.7323408056
TK1,2023-03-19T10:00:00,84.0,40.0,85.0,41.0,674084.8659366412
TK1,2023-03-19T10:00:00,84.0,41.0,85.0,42.0,292772.4111248423
TK1,2023-03-19T10:00:00,85.0,37.0,86.0,38.0,1180.5339158259758
TK1,2023-03-19T10:00:00,85.0,38.0,86.0,39.0,888942.0386169738
TK1,2023-03-19T10:00:00,85.0,39.0,86.0,40.0,735472.6295595934
TK1,2023-03-19T10:00:00,85.0,40.0,86.0,41.0,80276.30627616626
TK1,2023-03-19T10:00:00,86.0,38.0,87.0,39.0,308119.35203058034
TK1,2023-03-19T10:00:00,86.0,39.0,87.0,40.0,181802.22303720002
TK1,2023-03-19T10:00:00,86.0,40.0,87.0,41.0,5902.669579129879
TK1,2023-03-19T10:00:00,87.0,39.0,88.0,40.0,22430.144400693534
TK1,2023-03-19T10:00:00,88.0,38.0,89.0,39.0,2361.0678316519516
TK1,2023-03-19T10:00:00,88.0,39.0,89.0,40.0,28332.813979823404
TK1,2023-03-19T11:00:00,81.0,39.0,82.0,40.0,74373.63669703639
TK1,2023-03-19T11:00:00,81.0,40.0,82.0,41.0,18888.542653215613
TK1,2023-03-19T11:00:00,81.0,41.0,82.0,42.0,273883.86847162625
TK1,2023-03-19T11:00:00,82.0,40.0,83.0,41.0,729569.9599804634
TK1,2023-03-19T11:00:00,82.0,41.0,83.0,42.0,453325.0236771787
TK1,2023-03-19T11:00:00,83.0,39.0,84.0,40.0,264439.5971450182
TK1,2023-03-19T11:00:00,83.0,40.0,84.0,41.0,619780.3058086451
TK1,2023-03-19T11:00:00,83.0,41.0,84.0,42.0,504087.98205769685
TK1,2023-03-19T11:00:00,84.0,38.0,85.0,39.0,435617.01493978867
TK1,2023-03-19T11:00:00,84.0,39.0,85.0,40.0,930260.7256708839
TK1,2023-03-19T11:00:00,84.0,40.0,85.0,41.0,944427.1326607959
TK1,2023-03-19T11:00:00,84.0,41.0,85.0,42.0,332910.5642629264
TK1,2023-03-19T11:00:00,85.0,37.0,86.0,38.0,1180.5339158259758
TK1,2023-03-19T11:00:00,85.0,38.0,86.0,39.0,891303.1064486258
TK1,2023-03-19T11:00:00,85.0,39.0,86.0,40.0,944427.1326607959
TK1,2023-03-19T11:00:00,85.0,40.0,86.0,41.0,582003.220502213
TK1,2023-03-19T11:00:00,86.0,38.0,87.0,39.0,570197.881343953
TK1,2023-03-19T11:00:00,86.0,39.0,87.0,40.0,890122.5725327998
TK1,2023-03-19T11:00:00,86.0,40.0,87.0,41.0,399020.4635491826
TK1,2023-03-19T11:00:00,87.0,38.0,88.0,39.0,133400.3324883351
TK1,2023-03-19T11:00:00,87.0,39.0,88.0,40.0,499365.84639439284
TK1,2023-03-19T11:00:00,87.0,40.0,88.0,41.0,27152.28006399743
TK1,2023-03-19T11:00:00,87.0,41.0,88.0,42.0,46040.822717213014
TK1,2023-03-19T11:00:00,88.0,38.0,89.0,39.0,2361.0678316519516
TK1,2023-03-19T11:00:00,88.0,39.0,89.0,40.0,122775.52724590132
TK1,2023-03-19T12:00:00,81.0,40.0,82.0,41.0,103886.98459268574
TK1,2023-03-19T12:00:00,81.0,41.0,82.0,42.0,190065.96044798184
TK1,2023-03-19T12:00:00,82.0,39.0,83.0,40.0,87359.5097711221
TK1,2023-03-19T12:00:00,82.0,40.0,83.0,41.0,818110.0036674136
TK1,2023-03-19T12:00:00,82.0,41.0,83.0,42.0,495824.2446469148
TK1,2023-03-19T12:00:00,83.0,39.0,84.0,40.0,200690.7656904156
TK1,2023-03-19T12:00:00,83.0,40.0,84.0,41.0,846442.8176472377
TK1,2023-03-19T12:00:00,83.0,41.0,84.0,42.0,394298.32788587856
TK1,2023-03-19T12:00:00,84.0,38.0,85.0,39.0,68470.96711790652
TK1,2023-03-19T12:00:00,84.0,39.0,85.0,40.0,814568.4019199356
TK1,2023-03-19T12:00:00,84.0,40.0,85.0,41.0,785055.0540242855
TK1,2023-03-19T12:00:00,84.0,41.0,85.0,42.0,322285.7590204924
TK1,2023-03-19T12:00:00,85.0,38.0,86.0,39.0,705959.2816639433
TK1,2023-03-19T12:00:00,85.0,39.0,86.0,40.0,944427.1326607959
TK1,2023-03-19T12:00:00,85.0,40.0,86.0,41.0,793318.7914350675
TK1,2023-03-19T12:00:00,85.0,41.0,86.0,42.0,229023.57967023898
TK1,2023-03-19T12:00:00,86.0,38.0,87.0,39.0,565475.745680649
TK1,2023-03-19T12:00:00,86.0,39.0,87.0,40.0,944427.1326607959
TK1,2023-03-19T12:00:00,86.0,40.0,87.0,41.0,463949.82891961274
TK1,2023-03-19T12:00:00,87.0,38.0,88.0,39.0,262078.52931336625
TK1,2023-03-19T12:00:00,87.0,39.0,88.0,40.0,899566.8438594078
TK1,2023-03-19T12:00:00,87.0,40.0,88.0,41.0,155830.4768890286
TK1,2023-03-19T12:00:00,87.0,41.0,88.0,42.0,76734.70452868834
TK1,2023-03-19T12:00:00,88.0,38.0,89.0,39.0,23610.67831651951
TK1,2023-03-19T12:00:00,88.0,39.0,89.0,40.0,218398.7744278052
TK1,2023-03-19T12:00:00,88.0,41.0,89.0,42.0,62568.29753877665
TK1,2023-03-19T12:00:00,89.0,38.0,90.0,39.0,43679.754885561066
TK1,2023-03-19T13:00:00,81.0,39.0,82.0,40.0,8263.73741078183
TK1,2023-03-19T13:00:00,81.0,40.0,82.0,41.0,389576.19222257455
TK1,2023-03-19T13:00:00,81.0,41.0,82.0,42.0,123956.0611617273
TK1,2023-03-19T13:00:00,82.0,39.0,83.0,40.0,332910.5642629264
TK1,2023-03-19T13:00:00,82.0,40.0,83.0,41.0,316383.08944136236
TK1,2023-03-19T13:00:00,82.0,41.0,83.0,42.0,258536.92756588833
TK1,2023-03-19T13:00:00,83.0,39.0,84.0,40.0,123956.0611617273
TK1,2023-03-19T13:00:00,83.0,40.0,84.0,41.0,139303.00206746496
TK1,2023-03-19T13:00:00,83.0,41.0,84.0,42.0,173538.4856264182
TK1,2023-03-19T13:00:00,84.0,40.0,85.0,41.0,172357.95171059223
TK1,2023-03-19T13:00:00,84.0,41.0,85.0,42.0,225481.97792276106
TK1,2023-03-19T13:00:00,85.0,39.0,86.0,40.0,576100.550923083
TK1,2023-03-19T13:00:00,85.0,40.0,86.0,41.0,924358.0560917539
TK1,2023-03-19T13:00:00,85.0,41.0,86.0,42.0,458047.1593404827
TK1,2023-03-19T13:00:00,86.0,38.0,87.0,39.0,5902.669579129879
TK1,2023-03-19T13:00:00,86.0,39.0,87.0,40.0,714223.0190747253
TK1,2023-03-19T13:00:00,86.0,40.0,87.0,41.0,478116.2359095248
TK1,2023-03-19T13:00:00,86.0,41.0,87.0,42.0,15346.940905737685
TK1,2023-03-19T13:00:00,87.0,38.0,88.0,39.0,74373.63669703639
TK1,2023-03-19T13:00:00,87.0,39.0,88.0,40.0,357701.77649527247
TK1,2023-03-19T13:00:00,87.0,40.0,88.0,41.0,127497.66290920522
TK1,2023-03-19T13:00:00,87.0,41.0,88.0,42.0,322285.7590204924
TK1,2023-03-19T13:00:00,88.0,39.0,89.0,40.0,175899.55345807015
TK1,2023-03-19T13:00:00,88.0,40.0,89.0,41.0,146386.2055624208
TK1,2023-03-19T13:00:00,88.0,41.0,89.0,42.0,165274.74821563638
TK1,2023-03-19T13:00:00,89.0,38.0,90.0,39.0,60207.2297071247
TK1,2023-03-19T14:00:00,81.0,39.0,82.0,40.0,153469.40905737664
TK1,2023-03-19T14:00:00,81.0,40.0,82.0,41.0,540684.5334483029
TK1,2023-03-19T14:00:00,81.0,41.0,82.0,42.0,149927.80730989872
TK1,2023-03-19T14:00:00,82.0,39.0,83.0,40.0,481657.8376570028
TK1,2023-03-19T14:00:00,82.0,40.0,83.0,41.0,406103.6670441386
TK1,2023-03-19T14:00:00,82.0,41.0,83.0,42.0,172357.95171059223
TK1,2023-03-19T14:00:00,83.0,39.0,84.0,40.0,69651.5010337325
TK1,2023-03-19T14:00:00,83.0,41.0,84.0,42.0,153469.40905737664
TK1,2023-03-19T14:00:00,84.0,40.0,85.0,41.0,11805.339158259758
TK1,2023-03-19T14:00:00,84.0,41.0,85.0,42.0,96803.7810977299
TK1,2023-03-19T14:00:00,85.0,39.0,86.0,40.0,216037.70659615326
TK1,2023-03-19T14:00:00,85.0,40.0,86.0,41.0,685890.2050949013
TK1,2023-03-19T14:00:00,85.0,41.0,86.0,42.0,93262.17935025197
TK1,2023-03-19T14:00:00,86.0,39.0,87.0,40.0,657557.3911150772
TK1,2023-03-19T14:00:00,86.0,40.0,87.0,41.0,636307.7806302091
TK1,2023-03-19T14:00:00,86.0,41.0,87.0,42.0,23610.67831651951
TK1,2023-03-19T14:00:00,87.0,39.0,88.0,40.0,260897.99539754028
TK1,2023-03-19T14:00:00,87.0,40.0,88.0,41.0,184163.29086885197
TK1,2023-03-19T14:00:00,87.0,41.0,88.0,42.0,432075.41319231066
TK1,2023-03-19T14:00:00,88.0,37.0,89.0,38.0,12985.873074085734
TK1,2023-03-19T14:00:00,88.0,38.0,89.0,39.0,21249.61048486756
TK1,2023-03-19T14:00:00,88.0,39.0,89.0,40.0,406103.6670441386
TK1,2023-03-19T14:00:00,88.0,40.0,89.0,41.0,367146.0478218805
TK1,2023-03-19T14:00:00,88.0,41.0,89.0,42.0,56665.62795964678
TK1,2023-03-19T14:00:00,89.0,37.0,90.0,38.0,7083.203494955855
TK1,2023-03-19T14:00:00,89.0,38.0,90.0,39.0,277425.47021910426
TK1,2023-03-19T14:00:00,89.0,39.0,90.0,40.0,304577.75028310233
TK1,2023-03-19T15:00:00,80.0,40.0,81.0,41.0,60207.2297071247
TK1,2023-03-19T15:00:00,81.0,39.0,82.0,40.0,369507.1156535325
TK1,2023-03-19T15:00:00,81.0,40.0,82.0,41.0,656376.8571992512
TK1,2023-03-19T15:00:00,81.0,41.0,82.0,42.0,86178.97585529613
TK1,2023-03-19T15:00:00,82.0,39.0,83.0,40.0,396659.39571753057
TK1,2023-03-19T15:00:00,82.0,40.0,83.0,41.0,432075.41319231066
TK1,2023-03-19T15:00:00,82.0,41.0,83.0,42.0,203051.83352206755
TK1,2023-03-19T15:00:00,83.0,39.0,84.0,40.0,69651.5010337325
TK1,2023-03-19T15:00:00,83.0,41.0,84.0,42.0,80276.30627616626
TK1,2023-03-19T15:00:00,84.0,41.0,85.0,42.0,69651.5010337325
TK1,2023-03-19T15:00:00,85.0,39.0,86.0,40.0,101525.91676103379
TK1,2023-03-19T15:00:00,85.0,40.0,86.0,41.0,190065.96044798184
TK1,2023-03-19T15:00:00,85.0,41.0,86.0,42.0,60207.2297071247
TK1,2023-03-19T15:00:00,86.0,39.0,87.0,40.0,586725.356165517
TK1,2023-03-19T15:00:00,86.0,40.0,87.0,41.0,415547.9383707466
TK1,2023-03-19T15:00:00,87.0,38.0,88.0,39.0,76734.70452868834
TK1,2023-03-19T15:00:00,87.0,39.0,88.0,40.0,303397.2163672763
TK1,2023-03-19T15:00:00,87.0,40.0,88.0,41.0,234926.24924936885
TK1,2023-03-19T15:00:00,87.0,41.0,88.0,42.0,571378.415259779
TK1,2023-03-19T15:00:00,88.0,37.0,89.0,38.0,33054.9496431273
TK1,2023-03-19T15:00:00,88.0,38.0,89.0,39.0,146386.2055624208
TK1,2023-03-19T15:00:00,88.0,39.0,89.0,40.0,445061.2862663967
TK1,2023-03-19T15:00:00,88.0,40.0,89.0,41.0,531240.2621216949
TK1,2023-03-19T15:00:00,88.0,41.0,89.0,42.0,304577.75028310233
TK1,2023-03-19T15:00:00,89.0,37.0,90.0,38.0,12985.873074085734
TK1,2023-03-19T15:00:00,89.0,38.0,90.0,39.0,324646.8268521444
TK1,2023-03-19T15:00:00,89.0,39.0,90.0,40.0,408464.7348757906
TK1,2023-03-19T15:00:00,89.0,40.0,90.0,41.0,93262.17935025197
TK1,2023-03-19T15:00:00,89.0,41.0,90.0,42.0,2361.0678316519516
TK1,2023-03-19T16:00:00,80.0,39.0,81.0,40.0,102706.45067685976
TK1,2023-03-19T16:00:00,80.0,40.0,81.0,41.0,50762.95838051691
TK1,2023-03-19T16:00:00,81.0,38.0,82.0,39.0,3541.6017474779273
TK1,2023-03-19T16:00:00,81.0,39.0,82.0,40.0,408464.7348757906
TK1,2023-03-19T16:00:00,81.0,40.0,82.0,41.0,682348.6033474233
TK1,2023-03-19T16:00:00,82.0,39.0,83.0,40.0,293952.9450406683
TK1,2023-03-19T16:00:00,82.0,40.0,83.0,41.0,424992.20969735464
TK1,2023-03-19T16:00:00,82.0,41.0,83.0,42.0,142844.60381494288
TK1,2023-03-19T16:00:00,83.0,41.0,84.0,42.0,15346.940905737685
TK1,2023-03-19T16:00:00,84.0,41.0,85.0,42.0,51943.49229634288
TK1,2023-03-19T16:00:00,85.0,41.0,86.0,42.0,60207.2297071247
TK1,2023-03-19T16:00:00,86.0,39.0,87.0,40.0,249092.65623928054
TK1,2023-03-19T16:00:00,86.0,40.0,87.0,41.0,262078.52931336625
TK1,2023-03-19T16:00:00,87.0,38.0,88.0,39.0,76734.70452868834
TK1,2023-03-19T16:00:00,87.0,39.0,88.0,40.0,262078.52931336625
TK1,2023-03-19T16:00:00,87.0,40.0,88.0,41.0,227843.045754413
TK1,2023-03-19T16:00:00,87.0,41.0,88.0,42.0,424992.20969735464
TK1,2023-03-19T16:00:00,88.0,37.0,89.0,38.0,23610.67831651951
TK1,2023-03-19T16:00:00,88.0,38.0,89.0,39.0,140483.53598329093
TK1,2023-03-19T16:00:00,88.0,39.0,89.0,40.0,335271.6320945784
TK1,2023-03-19T16:00:00,88.0,40.0,89.0,41.0,545406.6691116069
TK1,2023-03-19T16:00:00,88.0,41.0,89.0,42.0,591447.491828821
TK1,2023-03-19T16:00:00,89.0,37.0,90.0,38.0,12985.873074085734
TK1,2023-03-19T16:00:00,89.0,38.0,90.0,39.0,330549.4964312744
TK1,2023-03-19T16:00:00,89.0,39.0,90.0,40.0,350618.57300031645
TK1,2023-03-19T16:00:00,89.0,40.0,90.0,41.0,422631.14186570264
TK1,2023-03-19T16:00:00,89.0,41.0,90.0,42.0,42499.22096973509
TK1,2023-03-19T17:00:00,80.0,39.0,81.0,40.0,362423.9121585765
TK1,2023-03-19T17:00:00,80.0,40.0,81.0,41.0,311660.95377805835
TK1,2023-03-19T17:00:00,81.0,38.0,82.0,39.0,22430.144400693534
TK1,2023-03-19T17:00:00,81.0,39.0,82.0,40.0,654015.7893675992
TK1,2023-03-19T17:00:00,81.0,40.0,82.0,41.0,412006.3366232686
TK1,2023-03-19T17:00:00,82.0,39.0,83.0,40.0,182982.756953026
TK1,2023-03-19T17:00:00,82.0,40.0,83.0,41.0,324646.8268521444
TK1,2023-03-19T17:00:00,82.0,41.0,83.0,42.0,35416.01747477925
TK1,2023-03-19T17:00:00,86.0,39.0,87.0,40.0,3541.6017474779273
TK1,2023-03-19T17:00:00,86.0,40.0,87.0,41.0,68470.96711790652
TK1,2023-03-19T17:00:00,87.0,38.0,88.0,39.0,76734.70452868834
TK1,2023-03-19T17:00:00,87.0,39.0,88.0,40.0,21249.61048486756
TK1,2023-03-19T17:00:00,87.0,40.0,88.0,41.0,99164.84892938184
TK1,2023-03-19T17:00:00,87.0,41.0,88.0,42.0,203051.83352206755
TK1,2023-03-19T17:00:00,88.0,38.0,89.0,39.0,100345.38284520782
TK1,2023-03-19T17:00:00,88.0,39.0,89.0,40.0,303397.2163672763
TK1,2023-03-19T17:00:00,88.0,40.0,89.0,41.0,545406.6691116069
TK1,2023-03-19T17:00:00,88.0,41.0,89.0,42.0,567836.813512301
TK1,2023-03-19T17:00:00,89.0,38.0,90.0,39.0,279786.53805075627
TK1,2023-03-19T17:00:00,89.0,39.0,90.0,40.0,231384.64750189093
TK1,2023-03-19T17:00:00,89.0,40.0,90.0,41.0,416728.4722865726
TK1,2023-03-19T17:00:00,89.0,41.0,90.0,42.0,371868.1834851845
TK2,2023-03-19T17:00:00,90.0,38.0,91.0,39.0,94442.71326607795
TK2,2023-03-19T17:00:00,90.0,39.0,91.0,40.0,263259.0632291922
TK2,2023-03-19T17:00:00,90.0,40.0,91.0,41.0,81456.84019199223
TK2,2023-03-19T17:00:00,90.0,41.0,91.0,42.0,5902.669579129879
TK2,2023-03-19T17:00:00,91.0,38.0,92.0,39.0,73193.10278121041
TK2,2023-03-19T17:00:00,91.0,39.0,92.0,40.0,419089.5401182246
TK2,2023-03-19T17:00:00,91.0,40.0,92.0,41.0,62568.29753877665
TK2,2023-03-19T17:00:00,92.0,39.0,93.0,40.0,400200.9974650086
TK2,2023-03-19T17:00:00,92.0,40.0,93.0,41.0,254995.3258184104
TK2,2023-03-19T17:00:00,93.0,39.0,94.0,40.0,7083.203494955855
TK2,2023-03-19T17:00:00,93.0,40.0,94.0,41.0,11805.339158259758
TK1,2023-03-19T18:00:00,80.0,38.0,81.0,39.0,14166.40698991171
TK1,2023-03-19T18:00:00,80.0,39.0,81.0,40.0,486379.9733203068
TK1,2023-03-19T18:00:00,80.0,40.0,81.0,41.0,122775.52724590132
TK1,2023-03-19T18:00:00,81.0,38.0,82.0,39.0,48401.89054886496
TK1,2023-03-19T18:00:00,81.0,39.0,82.0,40.0,645752.0519568172
TK1,2023-03-19T18:00:00,81.0,40.0,82.0,41.0,158191.54472068054
TK1,2023-03-19T18:00:00,82.0,39.0,83.0,40.0,118053.39158259743
TK1,2023-03-19T18:00:00,82.0,40.0,83.0,41.0,27152.28006399743
TK1,2023-03-19T18:00:00,87.0,38.0,88.0,39.0,7083.203494955855
TK1,2023-03-19T18:00:00,87.0,39.0,88.0,40.0,21249.61048486756
TK1,2023-03-19T18:00:00,87.0,40.0,88.0,41.0,73193.10278121041
TK1,2023-03-19T18:00:00,87.0,41.0,88.0,42.0,70832.03494955847
TK1,2023-03-19T18:00:00,88.0,38.0,89.0,39.0,89720.57760277405
TK1,2023-03-19T18:00:00,88.0,39.0,89.0,40.0,106248.05242433769
TK1,2023-03-19T18:00:00,88.0,40.0,89.0,41.0,441519.6845189187
TK1,2023-03-19T18:00:00,88.0,41.0,89.0,42.0,440339.1506030927
TK1,2023-03-19T18:00:00,89.0,37.0,90.0,38.0,3541.6017474779273
TK1,2023-03-19T18:00:00,89.0,38.0,90.0,39.0,242009.4527443247
TK1,2023-03-19T18:00:00,89.0,39.0,90.0,40.0,75554.17061286236
TK1,2023-03-19T18:00:00,89.0,40.0,90.0,41.0,374229.2513168365
TK1,2023-03-19T18:00:00,89.0,41.0,90.0,42.0,559573.0761015189
TK2,2023-03-19T18:00:00,90.0,38.0,91.0,39.0,93262.17935025197
TK2,2023-03-19T18:00:00,90.0,39.0,91.0,40.0,242009.4527443247
TK2,2023-03-19T18:00:00,90.0,40.0,91.0,41.0,59026.69579129873
TK2,2023-03-19T18:00:00,90.0,41.0,91.0,42.0,205412.9013537195
TK2,2023-03-19T18:00:00,91.0,38.0,92.0,39.0,125136.59507755327
TK2,2023-03-19T18:00:00,91.0,39.0,92.0,40.0,463949.82891961274
TK2,2023-03-19T18:00:00,91.0,40.0,92.0,41.0,59026.69579129873
TK2,2023-03-19T18:00:00,92.0,38.0,93.0,39.0,18888.542653215613
TK2,2023-03-19T18:00:00,92.0,39.0,93.0,40.0,376590.3191484885
TK2,2023-03-19T18:00:00,92.0,40.0,93.0,41.0,302216.6824514503
TK2,2023-03-19T18:00:00,93.0,39.0,94.0,40.0,140483.53598329093
TK2,2023-03-19T18:00:00,93.0,40.0,94.0,41.0,166455.28213146236
TK1,2023-03-19T19:00:00,80.0,39.0,81.0,40.0,389576.19222257455
TK1,2023-03-19T19:00:00,80.0,40.0,81.0,41.0,2361.0678316519516
TK1,2023-03-19T19:00:00,81.0,39.0,82.0,40.0,181802.22303720002
TK1,2023-03-19T19:00:00,82.0,39.0,83.0,40.0,94442.71326607795
TK1,2023-03-19T19:00:00,82.0,40.0,83.0,41.0,87359.5097711221
TK1,2023-03-19T19:00:00,82.0,41.0,83.0,42.0,8263.73741078183
TK1,2023-03-19T19:00:00,87.0,38.0,88.0,39.0,7083.203494955855
TK1,2023-03-19T19:00:00,87.0,39.0,88.0,40.0,21249.61048486756
TK1,2023-03-19T19:00:00,87.0,40.0,88.0,41.0,12985.873074085734
TK1,2023-03-19T19:00:00,87.0,41.0,88.0,42.0,1180.5339158259758
TK1,2023-03-19T19:00:00,88.0,38.0,89.0,39.0,83817.90802364418
TK1,2023-03-19T19:00:00,88.0,39.0,89.0,40.0,106248.05242433769
TK1,2023-03-19T19:00:00,88.0,40.0,89.0,41.0,410825.8027074426
TK1,2023-03-19T19:00:00,88.0,41.0,89.0,42.0,336452.1660104044
TK1,2023-03-19T19:00:00,89.0,38.0,90.0,39.0,159372.0786365065
TK1,2023-03-19T19:00:00,89.0,40.0,90.0,41.0,374229.2513168365
TK1,2023-03-19T19:00:00,89.0,41.0,90.0,42.0,383673.52264344454
TK2,2023-03-19T19:00:00,90.0,38.0,91.0,39.0,149927.80730989872
TK2,2023-03-19T19:00:00,90.0,39.0,91.0,40.0,175899.55345807015
TK2,2023-03-19T19:00:00,90.0,40.0,91.0,41.0,59026.69579129873
TK2,2023-03-19T19:00:00,90.0,41.0,91.0,42.0,277425.47021910426
TK2,2023-03-19T19:00:00,91.0,38.0,92.0,39.0,94442.71326607795
TK2,2023-03-19T19:00:00,91.0,39.0,92.0,40.0,393117.79397005256
TK2,2023-03-19T19:00:00,91.0,40.0,92.0,41.0,50762.95838051691
TK2,2023-03-19T19:00:00,92.0,38.0,93.0,39.0,20069.076569041586
TK2,2023-03-19T19:00:00,92.0,39.0,93.0,40.0,373048.7174010105
TK2,2023-03-19T19:00:00,92.0,40.0,93.0,41.0,177080.08737389612
TK2,2023-03-19T19:00:00,93.0,39.0,94.0,40.0,204232.36743789352
TK2,2023-03-19T19:00:00,93.0,40.0,94.0,41.0,380131.9208959665
TK2,2023-03-19T19:00:00,93.0,41.0,94.0,42.0,3541.6017474779273
TK2,2023-03-19T19:00:00,94.0,39.0,95.0,40.0,8263.73741078183
TK2,2023-03-19T19:00:00,94.0,40.0,95.0,41.0,9444.271326607806
TK2,2023-03-19T20:00:00,90.0,38.0,91.0,39.0,169996.88387894028
TK2,2023-03-19T20:00:00,90.0,39.0,91.0,40.0,17708.00873738964
TK2,2023-03-19T20:00:00,90.0,40.0,91.0,41.0,59026.69579129873
TK2,2023-03-19T20:00:00,90.0,41.0,91.0,42.0,277425.47021910426
TK2,2023-03-19T20:00:00,91.0,38.0,92.0,39.0,94442.71326607795
TK2,2023-03-19T20:00:00,91.0,39.0,92.0,40.0,236106.78316519482
TK2,2023-03-19T20:00:00,91.0,40.0,92.0,41.0,21249.61048486756
TK2,2023-03-19T20:00:00,92.0,38.0,93.0,39.0,1180.5339158259758
TK2,2023-03-19T20:00:00,92.0,39.0,93.0,40.0,376590.3191484885
TK2,2023-03-19T20:00:00,92.0,40.0,93.0,41.0,171177.41779476625
TK2,2023-03-19T20:00:00,93.0,39.0,94.0,40.0,204232.36743789352
TK2,2023-03-19T20:00:00,93.0,40.0,94.0,41.0,301036.1485356243
TK2,2023-03-19T20:00:00,93.0,41.0,94.0,42.0,5902.669579129879
TK2,2023-03-19T20:00:00,94.0,39.0,95.0,40.0,8263.73741078183
TK2,2023-03-19T20:00:00,94.0,40.0,95.0,41.0,262078.52931336625
TK2,2023-03-19T20:00:00,94.0,41.0,95.0,42.0,10624.805242433782
TK2,2023-03-19T21:00:00,90.0,38.0,91.0,39.0,114511.7898351195
TK2,2023-03-19T21:00:00,90.0,39.0,91.0,40.0,10624.805242433782
TK2,2023-03-19T21:00:00,90.0,40.0,91.0,41.0,59026.69579129873
TK2,2023-03-19T21:00:00,90.0,41.0,91.0,42.0,270342.26672414824
TK2,2023-03-19T21:00:00,91.0,38.0,92.0,39.0,76734.70452868834
TK2,2023-03-19T21:00:00,91.0,39.0,92.0,40.0,108609.12025598963
TK2,2023-03-19T21:00:00,92.0,38.0,93.0,39.0,1180.5339158259758
TK2,2023-03-19T21:00:00,92.0,39.0,93.0,40.0,312841.48769388435
TK2,2023-03-19T21:00:00,92.0,40.0,93.0,41.0,154649.94297320262
TK2,2023-03-19T21:00:00,93.0,39.0,94.0,40.0,204232.36743789352
TK2,2023-03-19T21:00:00,93.0,40.0,94.0,41.0,413186.8705390946
TK2,2023-03-19T21:00:00,93.0,41.0,94.0,42.0,5902.669579129879
TK2,2023-03-19T21:00:00,94.0,39.0,95.0,40.0,8263.73741078183
TK2,2023-03-19T21:00:00,94.0,40.0,95.0,41.0,249092.65623928054
TK2,2023-03-19T21:00:00,94.0,41.0,95.0,42.0,12985.873074085734
TK2,2023-03-19T21:00:00,95.0,40.0,96.0,41.0,164094.2142998104
TK2,2023-03-19T21:00:00,96.0,40.0,97.0,41.0,75554.17061286236
TK2,2023-03-19T22:00:00,90.0,38.0,91.0,39.0,116872.85766677145
TK2,2023-03-19T22:00:00,90.0,39.0,91.0,40.0,3541.6017474779273
TK2,2023-03-19T22:00:00,90.0,40.0,91.0,41.0,27152.28006399743
TK2,2023-03-19T22:00:00,90.0,41.0,91.0,42.0,46040.822717213014
TK2,2023-03-19T22:00:00,91.0,38.0,92.0,39.0,86178.97585529613
TK2,2023-03-19T22:00:00,91.0,39.0,92.0,40.0,44860.28880138704
TK2,2023-03-19T22:00:00,92.0,38.0,93.0,39.0,9444.271326607806
TK2,2023-03-19T22:00:00,92.0,39.0,93.0,40.0,186524.35870050392
TK2,2023-03-19T22:00:00,92.0,40.0,93.0,41.0,106248.05242433769
TK2,2023-03-19T22:00:00,93.0,39.0,94.0,40.0,204232.36743789352
TK2,2023-03-19T22:00:00,93.0,40.0,94.0,41.0,406103.6670441386
TK2,2023-03-19T22:00:00,94.0,39.0,95.0,40.0,8263.73741078183
TK2,2023-03-19T22:00:00,94.0,40.0,95.0,41.0,288050.2754615383
TK2,2023-03-19T22:00:00,94.0,41.0,95.0,42.0,11805.339158259758
TK2,2023-03-19T22:00:00,95.0,40.0,96.0,41.0,164094.2142998104
TK2,2023-03-19T22:00:00,96.0,40.0,97.0,41.0,265620.1310608442
TK2,2023-03-19T22:00:00,97.0,40.0,98.0,41.0,87359.5097711221
TK2,2023-03-19T23:00:00,90.0,38.0,91.0,39.0,110970.18808764158
TK2,2023-03-19T23:00:00,90.0,40.0,91.0,41.0,22430.144400693534
TK2,2023-03-19T23:00:00,90.0,41.0,91.0,42.0,14166.40698991171
TK2,2023-03-19T23:00:00,91.0,38.0,92.0,39.0,70832.03494955847
TK2,2023-03-19T23:00:00,91.0,39.0,92.0,40.0,23610.67831651951
TK2,2023-03-19T23:00:00,92.0,38.0,93.0,39.0,3541.6017474779273
TK2,2023-03-19T23:00:00,92.0,39.0,93.0,40.0,105067.51850851171
TK2,2023-03-19T23:00:00,92.0,40.0,93.0,41.0,106248.05242433769
TK2,2023-03-19T23:00:00,93.0,39.0,94.0,40.0,204232.36743789352
TK2,2023-03-19T23:00:00,93.0,40.0,94.0,41.0,335271.6320945784
TK2,2023-03-19T23:00:00,94.0,39.0,95.0,40.0,8263.73741078183
TK2,2023-03-19T23:00:00,94.0,40.0,95.0,41.0,288050.2754615383
TK2,2023-03-19T23:00:00,94.0,41.0,95.0,42.0,14166.40698991171
TK2,2023-03-19T23:00:00,95.0,40.0,96.0,41.0,164094.2142998104
TK2,2023-03-19T23:00:00,95.0,41.0,96.0,42.0,10624.805242433782
TK2,2023-03-19T23:00:00,96.0,40.0,97.0,41.0,225481.97792276106
TK2,2023-03-19T23:00:00,97.0,40.0,98.0,41.0,193607.56219545976
TK2,2023-03-19T23:00:00,98.0,40.0,99.0,41.0,38957.61922225717
TK2,2023-03-20T00:00:00,90.0,38.0,91.0,39.0,142844.60381494288
TK2,2023-03-20T00:00:00,91.0,38.0,92.0,39.0,60207.2297071247
TK2,2023-03-20T00:00:00,91.0,39.0,92.0,40.0,9444.271326607806
TK2,2023-03-20T00:00:00,92.0,39.0,93.0,40.0,79095.77236034028
TK2,2023-03-20T00:00:00,92.0,40.0,93.0,41.0,48401.89054886496
TK2,2023-03-20T00:00:00,93.0,39.0,94.0,40.0,204232.36743789352
TK2,2023-03-20T00:00:00,93.0,40.0,94.0,41.0,325827.3607679704
TK2,2023-03-20T00:00:00,94.0,39.0,95.0,40.0,8263.73741078183
TK2,2023-03-20T00:00:00,94.0,40.0,95.0,41.0,292772.4111248423
TK2,2023-03-20T00:00:00,94.0,41.0,95.0,42.0,14166.40698991171
TK2,2023-03-20T00:00:00,95.0,40.0,96.0,41.0,89720.57760277405
TK2,2023-03-20T00:00:00,95.0,41.0,96.0,42.0,10624.805242433782
TK2,2023-03-20T00:00:00,96.0,40.0,97.0,41.0,557212.0082698669
TK2,2023-03-20T00:00:00,96.0,41.0,97.0,42.0,141664.0698991169
TK2,2023-03-20T00:00:00,97.0,40.0,98.0,41.0,559573.0761015189
TK2,2023-03-20T00:00:00,97.0,41.0,98.0,42.0,81456.84019199223
TK2,2023-03-20T01:00:00,90.0,38.0,91.0,39.0,79095.77236034028
TK2,2023-03-20T01:00:00,91.0,38.0,92.0,39.0,29513.34789564938
TK2,2023-03-20T01:00:00,91.0,39.0,92.0,40.0,2361.0678316519516
TK2,2023-03-20T01:00:00,92.0,39.0,93.0,40.0,68470.96711790652
TK2,2023-03-20T01:00:00,93.0,39.0,94.0,40.0,204232.36743789352
TK2,2023-03-20T01:00:00,93.0,40.0,94.0,41.0,382492.98872761853
TK2,2023-03-20T01:00:00,94.0,39.0,95.0,40.0,54304.56012799483
TK2,2023-03-20T01:00:00,94.0,40.0,95.0,41.0,499365.84639439284
TK2,2023-03-20T01:00:00,94.0,41.0,95.0,42.0,24791.212232345482
TK2,2023-03-20T01:00:00,95.0,40.0,96.0,41.0,582003.220502213
TK2,2023-03-20T01:00:00,95.0,41.0,96.0,42.0,33054.9496431273
TK2,2023-03-20T01:00:00,96.0,40.0,97.0,41.0,806304.6645091536
TK2,2023-03-20T01:00:00,96.0,41.0,97.0,42.0,230204.11358606495
TK2,2023-03-20T01:00:00,97.0,39.0,98.0,40.0,21249.61048486756
TK2,2023-03-20T01:00:00,97.0,40.0,98.0,41.0,886580.9707853218
TK2,2023-03-20T01:00:00,97.0,41.0,98.0,42.0,213676.63876450132
TK2,2023-03-20T01:00:00,98.0,39.0,99.0,40.0,96803.7810977299
TK2,2023-03-20T01:00:00,98.0,40.0,99.0,41.0,479296.7698253508
TK2,2023-03-20T01:00:00,99.0,39.0,100.0,40.0,36596.55139060522
TK2,2023-03-20T03:00:00,92.0,39.0,93.0,40.0,41318.68705390912
TK2,2023-03-20T03:00:00,93.0,39.0,94.0,40.0,175899.55345807015
TK2,2023-03-20T03:00:00,93.0,40.0,94.0,41.0,90901.11151860002
TK2,2023-03-20T03:00:00,94.0,39.0,95.0,40.0,127497.66290920522
TK2,2023-03-20T03:00:00,94.0,40.0,95.0,41.0,607974.9666503851
TK2,2023-03-20T03:00:00,95.0,40.0,96.0,41.0,687070.7390107273
TK2,2023-03-20T03:00:00,95.0,41.0,96.0,42.0,74373.63669703639
TK2,2023-03-20T03:00:00,96.0,40.0,97.0,41.0,573739.483091431
TK2,2023-03-20T03:00:00,96.0,41.0,97.0,42.0,7083.203494955855
TK2,2023-03-20T03:00:00,97.0,39.0,98.0,40.0,21249.61048486756
TK2,2023-03-20T03:00:00,97.0,40.0,98.0,41.0,764985.9774552435
TK2,2023-03-20T03:00:00,97.0,41.0,98.0,42.0,25971.746148171456
TK2,2023-03-20T03:00:00,98.0,39.0,99.0,40.0,169996.88387894028
TK2,2023-03-20T03:00:00,98.0,40.0,99.0,41.0,423811.67578152864
TK2,2023-03-20T03:00:00,98.0,41.0,99.0,42.0,2361.0678316519516
TK2,2023-03-20T03:00:00,99.0,39.0,100.0,40.0,474574.6341620468
TK2,2023-03-20T03:00:00,99.0,40.0,100.0,41.0,72012.56886538444
TK2,2023-03-20T03:00:00,100.0,39.0,101.0,40.0,102706.45067685976
TK2,2023-03-20T04:00:00,90.0,38.0,91.0,39.0,7083.203494955855
TK2,2023-03-20T04:00:00,91.0,39.0,92.0,40.0,1180.5339158259758
TK2,2023-03-20T04:00:00,92.0,39.0,93.0,40.0,4722.135663303903
TK2,2023-03-20T04:00:00,93.0,39.0,94.0,40.0,82637.3741078182
TK2,2023-03-20T04:00:00,93.0,40.0,94.0,41.0,2361.0678316519516
TK2,2023-03-20T04:00:00,94.0,39.0,95.0,40.0,29513.34789564938
TK2,2023-03-20T04:00:00,94.0,40.0,95.0,41.0,303397.2163672763
TK2,2023-03-20T04:00:00,95.0,40.0,96.0,41.0,539503.9995324769
TK2,2023-03-20T04:00:00,96.0,40.0,97.0,41.0,469852.49849874276
TK2,2023-03-20T04:00:00,97.0,39.0,98.0,40.0,21249.61048486756
TK2,2023-03-20T04:00:00,97.0,40.0,98.0,41.0,551309.3386907369
TK2,2023-03-20T04:00:00,98.0,39.0,99.0,40.0,153469.40905737664
TK2,2023-03-20T04:00:00,98.0,40.0,99.0,41.0,433255.94710813666
TK2,2023-03-20T04:00:00,99.0,39.0,100.0,40.0,495824.2446469148
TK2,2023-03-20T04:00:00,99.0,40.0,100.0,41.0,114511.7898351195
TK2,2023-03-20T04:00:00,100.0,39.0,101.0,40.0,177080.08737389612
TK2,2023-03-20T05:00:00,92.0,39.0,93.0,40.0,14166.40698991171
TK2,2023-03-20T05:00:00,94.0,39.0,95.0,40.0,10624.805242433782
TK2,2023-03-20T05:00:00,94.0,40.0,95.0,41.0,15346.940905737685
TK2,2023-03-20T05:00:00,95.0,40.0,96.0,41.0,165274.74821563638
TK2,2023-03-20T05:00:00,96.0,40.0,97.0,41.0,468671.96458291676
TK2,2023-03-20T05:00:00,97.0,39.0,98.0,40.0,20069.076569041586
TK2,2023-03-20T05:00:00,97.0,40.0,98.0,41.0,466310.89675126475
TK2,2023-03-20T05:00:00,98.0,39.0,99.0,40.0,96803.7810977299
TK2,2023-03-20T05:00:00,98.0,40.0,99.0,41.0,417909.0062023986
TK2,2023-03-20T05:00:00,99.0,39.0,100.0,40.0,256175.85973423638
TK2,2023-03-20T05:00:00,99.0,40.0,100.0,41.0,225481.97792276106
TK2,2023-03-20T05:00:00,100.0,39.0,101.0,40.0,338813.2338420564
TK2,2023-03-20T05:00:00,101.0,38.0,102.0,39.0,8263.73741078183
TK2,2023-03-20T05:00:00,101.0,39.0,102.0,40.0,38957.61922225717
TK2,2023-03-20T06:00:00,90.0,38.0,91.0,39.0,1180.5339158259758
TK2,2023-03-20T06:00:00,95.0,40.0,96.0,41.0,2361.0678316519516
TK2,2023-03-20T06:00:00,96.0,40.0,97.0,41.0,155830.4768890286
TK2,2023-03-20T06:00:00,97.0,39.0,98.0,40.0,14166.40698991171
TK2,2023-03-20T06:00:00,97.0,40.0,98.0,41.0,395478.86180170457
TK2,2023-03-20T06:00:00,98.0,39.0,99.0,40.0,27152.28006399743
TK2,2023-03-20T06:00:00,98.0,40.0,99.0,41.0,403742.5992124866
TK2,2023-03-20T06:00:00,98.0,41.0,99.0,42.0,1180.5339158259758
TK2,2023-03-20T06:00:00,99.0,39.0,100.0,40.0,31874.415727301326
TK2,2023-03-20T06:00:00,99.0,40.0,100.0,41.0,344715.90342118643
TK2,2023-03-20T06:00:00,100.0,39.0,101.0,40.0,391937.26005422656
TK2,2023-03-20T06:00:00,100.0,40.0,101.0,41.0,38957.61922225717
TK2,2023-03-20T06:00:00,101.0,38.0,102.0,39.0,7083.203494955855
TK2,2023-03-20T06:00:00,101.0,39.0,102.0,40.0,69651.5010337325
TK2,2023-03-20T06:00:00,102.0,38.0,103.0,39.0,3541.6017474779273
TK2,2023-03-20T06:00:00,102.0,39.0,103.0,40.0,3541.6017474779273
TK2,2023-03-20T07:00:00,90.0,38.0,91.0,39.0,2361.0678316519516
TK2,2023-03-20T07:00:00,94.0,40.0,95.0,41.0,1180.5339158259758
TK2,2023-03-20T07:00:00,95.0,40.0,96.0,41.0,8263.73741078183
TK2,2023-03-20T07:00:00,96.0,40.0,97.0,41.0,4722.135663303903
TK2,2023-03-20T07:00:00,97.0,39.0,98.0,40.0,21249.61048486756
TK2,2023-03-20T07:00:00,97.0,40.0,98.0,41.0,246731.5884076286
TK2,2023-03-20T07:00:00,98.0,39.0,99.0,40.0,30693.881811475352
TK2,2023-03-20T07:00:00,98.0,40.0,99.0,41.0,358882.3104110985
TK2,2023-03-20T07:00:00,99.0,39.0,100.0,40.0,34235.483558953274
TK2,2023-03-20T07:00:00,99.0,40.0,100.0,41.0,270342.26672414824
TK2,2023-03-20T07:00:00,100.0,39.0,101.0,40.0,306938.81811475434
TK2,2023-03-20T07:00:00,100.0,40.0,101.0,41.0,60207.2297071247
TK2,2023-03-20T07:00:00,101.0,38.0,102.0,39.0,51943.49229634288
TK2,2023-03-20T07:00:00,101.0,39.0,102.0,40.0,236106.78316519482
TK2,2023-03-20T07:00:00,102.0,38.0,103.0,39.0,25971.746148171456
TK2,2023-03-20T07:00:00,102.0,39.0,103.0,40.0,2361.0678316519516
TK2,2023-03-20T08:00:00,95.0,40.0,96.0,41.0,14166.40698991171
TK2,2023-03-20T08:00:00,96.0,40.0,97.0,41.0,17708.00873738964
TK2,2023-03-20T08:00:00,97.0,39.0,98.0,40.0,20069.076569041586
TK2,2023-03-20T08:00:00,97.0,40.0,98.0,41.0,142844.60381494288
TK2,2023-03-20T08:00:00,98.0,39.0,99.0,40.0,89720.57760277405
TK2,2023-03-20T08:00:00,98.0,40.0,99.0,41.0,295133.4789564943
TK2,2023-03-20T08:00:00,99.0,39.0,100.0,40.0,43679.754885561066
TK2,2023-03-20T08:00:00,99.0,40.0,100.0,41.0,214857.1726803273
TK2,2023-03-20T08:00:00,100.0,39.0,101.0,40.0,357701.77649527247
TK2,2023-03-20T08:00:00,100.0,40.0,101.0,41.0,90901.11151860002
TK2,2023-03-20T08:00:00,101.0,38.0,102.0,39.0,79095.77236034028
TK2,2023-03-20T08:00:00,101.0,39.0,102.0,40.0,463949.82891961274
TK2,2023-03-20T08:00:00,102.0,38.0,103.0,39.0,42499.22096973509
TK2,2023-03-20T08:00:00,102.0,39.0,103.0,40.0,24791.212232345482
TK2,2023-03-20T09:00:00,92.0,38.0,93.0,39.0,5902.669579129879
TK2,2023-03-20T09:00:00,95.0,40.0,96.0,41.0,14166.40698991171
TK2,2023-03-20T09:00:00,96.0,40.0,97.0,41.0,89720.57760277405
TK2,2023-03-20T09:00:00,97.0,39.0,98.0,40.0,20069.076569041586
TK2,2023-03-20T09:00:00,97.0,40.0,98.0,41.0,103886.98459268574
TK2,2023-03-20T09:00:00,98.0,39.0,99.0,40.0,120414.45941424937
TK2,2023-03-20T09:00:00,98.0,40.0,99.0,41.0,204232.36743789352
TK2,2023-03-20T09:00:00,99.0,39.0,100.0,40.0,246731.5884076286
TK2,2023-03-20T09:00:00,99.0,40.0,100.0,41.0,204232.36743789352
TK2,2023-03-20T09:00:00,100.0,39.0,101.0,40.0,414367.4044549206
TK2,2023-03-20T09:00:00,100.0,40.0,101.0,41.0,213676.63876450132
TK2,2023-03-20T09:00:00,101.0,38.0,102.0,39.0,33054.9496431273
TK2,2023-03-20T09:00:00,101.0,39.0,102.0,40.0,455686.0915088307
TK2,2023-03-20T09:00:00,101.0,40.0,102.0,41.0,31874.415727301326
TK2,2023-03-20T09:00:00,102.0,38.0,103.0,39.0,55485.094043820805
TK2,2023-03-20T09:00:00,102.0,39.0,103.0,40.0,34235.483558953274
MG,2023-03-21T03:00:00,100.0,45.0,101.0,46.0,34235.483558953274
MG,2023-03-21T03:00:00,101.0,44.0,102.0,45.0,141664.0698991169
MG,2023-03-21T03:00:00,101.0,45.0,102.0,46.0,101525.91676103379
MG,2023-03-21T03:00:00,102.0,43.0,103.0,44.0,24791.212232345482
MG,2023-03-21T03:00:00,102.0,44.0,103.0,45.0,257356.39365006235
MG,2023-03-21T03:00:00,103.0,43.0,104.0,44.0,3541.6017474779273
MG,2023-03-21T03:00:00,103.0,44.0,104.0,45.0,421450.60794987663
MG,2023-03-21T03:00:00,104.0,43.0,105.0,44.0,252634.25798675846
MG,2023-03-21T03:00:00,104.0,44.0,105.0,45.0,254995.3258184104
MG,2023-03-21T03:00:00,104.0,45.0,105.0,46.0,14166.40698991171
MG,2023-03-21T03:00:00,105.0,41.0,106.0,42.0,3541.6017474779273
MG,2023-03-21T03:00:00,105.0,43.0,106.0,44.0,381312.45481179253
MG,2023-03-21T03:00:00,105.0,44.0,106.0,45.0,643390.9841251652
MG,2023-03-21T03:00:00,105.0,45.0,106.0,46.0,134580.86640416106
MG,2023-03-21T03:00:00,106.0,43.0,107.0,44.0,66109.89928625457
MG,2023-03-21T03:00:00,106.0,44.0,107.0,45.0,250273.1901551065
MG,2023-03-21T03:00:00,106.0,45.0,107.0,46.0,100345.38284520782
MG,2023-03-21T03:00:00,109.0,42.0,110.0,43.0,135761.40031998703
MG,2023-03-21T03:00:00,110.0,42.0,111.0,43.0,148747.27339407275
MG,2023-03-21T03:00:00,111.0,42.0,112.0,43.0,131039.26465668314
MG,2023-03-21T03:00:00,112.0,42.0,113.0,43.0,15346.940905737685
MG,2023-03-21T04:00:00,100.0,44.0,101.0,45.0,7083.203494955855
MG,2023-03-21T04:00:00,100.0,45.0,101.0,46.0,46040.822717213014
MG,2023-03-21T04:00:00,101.0,44.0,102.0,45.0,212496.10484867534
MG,2023-03-21T04:00:00,101.0,45.0,102.0,46.0,103886.98459268574
MG,2023-03-21T04:00:00,102.0,43.0,103.0,44.0,160552.6125523325
MG,2023-03-21T04:00:00,102.0,44.0,103.0,45.0,292772.4111248423
MG,2023-03-21T04:00:00,103.0,43.0,104.0,44.0,74373.63669703639
MG,2023-03-21T04:00:00,103.0,44.0,104.0,45.0,311660.95377805835
MG,2023-03-21T04:00:00,104.0,42.0,105.0,43.0,3541.6017474779273
MG,2023-03-21T04:00:00,104.0,43.0,105.0,44.0,141664.0698991169
MG,2023-03-21T04:00:00,104.0,44.0,105.0,45.0,166455.28213146236
MG,2023-03-21T04:00:00,105.0,41.0,106.0,42.0,14166.40698991171
MG,2023-03-21T04:00:00,105.0,43.0,106.0,44.0,802763.0627616756
MG,2023-03-21T04:00:00,105.0,44.0,106.0,45.0,827554.2749940216
MG,2023-03-21T04:00:00,105.0,45.0,106.0,46.0,77915.23844451431
MG,2023-03-21T04:00:00,106.0,41.0,107.0,42.0,17708.00873738964
MG,2023-03-21T04:00:00,106.0,43.0,107.0,44.0,642210.4502093391
MG,2023-03-21T04:00:00,106.0,44.0,107.0,45.0,905469.5134385378
MG,2023-03-21T04:00:00,106.0,45.0,107.0,46.0,144025.13773076885
MG,2023-03-21T04:00:00,107.0,43.0,108.0,44.0,62568.29753877665
MG,2023-03-21T04:00:00,107.0,44.0,108.0,45.0,593808.559660473
MG,2023-03-21T04:00:00,107.0,45.0,108.0,46.0,236106.78316519482
MG,2023-03-21T04:00:00,108.0,41.0,109.0,42.0,3541.6017474779273
MG,2023-03-21T04:00:00,108.0,42.0,109.0,43.0,18888.542653215613
MG,2023-03-21T04:00:00,108.0,45.0,109.0,46.0,5902.669579129879
MG,2023-03-21T04:00:00,109.0,42.0,110.0,43.0,53124.02621216886
MG,2023-03-21T04:00:00,110.0,42.0,111.0,43.0,64929.3653704286
MG,2023-03-21T04:00:00,111.0,42.0,112.0,43.0,34235.483558953274
MG,2023-03-21T04:00:00,112.0,42.0,113.0,43.0,135761.40031998703
MG,2023-03-21T05:00:00,100.0,44.0,101.0,45.0,16527.47482156366
MG,2023-03-21T05:00:00,100.0,45.0,101.0,46.0,25971.746148171456
MG,2023-03-21T05:00:00,101.0,44.0,102.0,45.0,373048.7174010105
MG,2023-03-21T05:00:00,101.0,45.0,102.0,46.0,37777.085306431196
MG,2023-03-21T05:00:00,102.0,43.0,103.0,44.0,319924.69118884037
MG,2023-03-21T05:00:00,102.0,44.0,103.0,45.0,171177.41779476625
MG,2023-03-21T05:00:00,103.0,43.0,104.0,44.0,399020.4635491826
MG,2023-03-21T05:00:00,103.0,44.0,104.0,45.0,352979.64083196846
MG,2023-03-21T05:00:00,104.0,41.0,105.0,42.0,50762.95838051691
MG,2023-03-21T05:00:00,104.0,42.0,105.0,43.0,203051.83352206755
MG,2023-03-21T05:00:00,104.0,43.0,105.0,44.0,336452.1660104044
MG,2023-03-21T05:00:00,104.0,44.0,105.0,45.0,67290.43320208055
MG,2023-03-21T05:00:00,105.0,41.0,106.0,42.0,246731.5884076286
MG,2023-03-21T05:00:00,105.0,42.0,106.0,43.0,452144.4897613527
MG,2023-03-21T05:00:00,105.0,43.0,106.0,44.0,707139.8155797693
MG,2023-03-21T05:00:00,105.0,44.0,106.0,45.0,482838.3715728288
MG,2023-03-21T05:00:00,105.0,45.0,106.0,46.0,9444.271326607806
MG,2023-03-21T05:00:00,106.0,41.0,107.0,42.0,80276.30627616626
MG,2023-03-21T05:00:00,106.0,42.0,107.0,43.0,180621.68912137405
MG,2023-03-21T05:00:00,106.0,43.0,107.0,44.0,892483.6403644518
MG,2023-03-21T05:00:00,106.0,44.0,107.0,45.0,944427.1326607959
MG,2023-03-21T05:00:00,106.0,45.0,107.0,46.0,109789.65417181561
MG,2023-03-21T05:00:00,107.0,42.0,108.0,43.0,95623.24718190392
MG,2023-03-21T05:00:00,107.0,43.0,108.0,44.0,632766.1788827311
MG,2023-03-21T05:00:00,107.0,44.0,108.0,45.0,944427.1326607959
MG,2023-03-21T05:00:00,107.0,45.0,108.0,46.0,159372.0786365065
MG,2023-03-21T05:00:00,108.0,42.0,109.0,43.0,4722.135663303903
MG,2023-03-21T05:00:00,108.0,43.0,109.0,44.0,50762.95838051691
MG,2023-03-21T05:00:00,108.0,44.0,109.0,45.0,819290.5375832396
MG,2023-03-21T05:00:00,108.0,45.0,109.0,46.0,159372.0786365065
MG,2023-03-21T05:00:00,109.0,42.0,110.0,43.0,57846.16187547275
MG,2023-03-21T05:00:00,109.0,43.0,110.0,44.0,4722.135663303903
MG,2023-03-21T05:00:00,109.0,44.0,110.0,45.0,77915.23844451431
MG,2023-03-21T05:00:00,109.0,45.0,110.0,46.0,30693.881811475352
MG,2023-03-21T05:00:00,110.0,42.0,111.0,43.0,31874.415727301326
MG,2023-03-21T05:00:00,110.0,44.0,111.0,45.0,2361.0678316519516
MG,2023-03-21T05:00:00,111.0,42.0,112.0,43.0,18888.542653215613
MG,2023-03-21T05:00:00,112.0,42.0,113.0,43.0,1180.5339158259758
MG,2023-03-21T05:00:00,112.0,43.0,113.0,44.0,1180.5339158259758
MG,2023-03-21T06:00:00,100.0,44.0,101.0,45.0,2361.0678316519516
MG,2023-03-21T06:00:00,100.0,45.0,101.0,46.0,3541.6017474779273
MG,2023-03-21T06:00:00,101.0,44.0,102.0,45.0,193607.56219545976
MG,2023-03-21T06:00:00,101.0,45.0,102.0,46.0,3541.6017474779273
MG,2023-03-21T06:00:00,102.0,43.0,103.0,44.0,182982.756953026
MG,2023-03-21T06:00:00,102.0,44.0,103.0,45.0,43679.754885561066
MG,2023-03-21T06:00:00,103.0,42.0,104.0,43.0,44860.28880138704
MG,2023-03-21T06:00:00,103.0,43.0,104.0,44.0,799221.4610141976
MG,2023-03-21T06:00:00,103.0,44.0,104.0,45.0,203051.83352206755
MG,2023-03-21T06:00:00,104.0,41.0,105.0,42.0,42499.22096973509
MG,2023-03-21T06:00:00,104.0,42.0,105.0,43.0,54304.56012799483
MG,2023-03-21T06:00:00,104.0,43.0,105.0,44.0,700056.6120848133
MG,2023-03-21T06:00:00,104.0,44.0,105.0,45.0,210135.0370170234
MG,2023-03-21T06:00:00,105.0,41.0,106.0,42.0,589086.423997169
MG,2023-03-21T06:00:00,105.0,42.0,106.0,43.0,535962.3977849989
MG,2023-03-21T06:00:00,105.0,43.0,106.0,44.0,811026.8001724576
MG,2023-03-21T06:00:00,105.0,44.0,106.0,45.0,142844.60381494288
MG,2023-03-21T06:00:00,106.0,40.0,107.0,41.0,5902.669579129879
MG,2023-03-21T06:00:00,106.0,41.0,107.0,42.0,665821.1285258592
MG,2023-03-21T06:00:00,106.0,42.0,107.0,43.0,764985.9774552435
MG,2023-03-21T06:00:00,106.0,43.0,107.0,44.0,893664.1742802778
MG,2023-03-21T06:00:00,106.0,44.0,107.0,45.0,677626.4676841192
MG,2023-03-21T06:00:00,106.0,45.0,107.0,46.0,3541.6017474779273
MG,2023-03-21T06:00:00,107.0,41.0,108.0,42.0,173538.4856264182
MG,2023-03-21T06:00:00,107.0,42.0,108.0,43.0,500546.38031021884
MG,2023-03-21T06:00:00,107.0,43.0,108.0,44.0,626863.5093036011
MG,2023-03-21T06:00:00,107.0,44.0,108.0,45.0,944427.1326607959
MG,2023-03-21T06:00:00,107.0,45.0,108.0,46.0,80276.30627616626
MG,2023-03-21T06:00:00,108.0,42.0,109.0,43.0,277425.47021910426
MG,2023-03-21T06:00:00,108.0,43.0,109.0,44.0,417909.0062023986
MG,2023-03-21T06:00:00,108.0,44.0,109.0,45.0,925538.5900075799
MG,2023-03-21T06:00:00,108.0,45.0,109.0,46.0,107428.58634016366
MG,2023-03-21T06:00:00,109.0,42.0,110.0,43.0,99164.84892938184
MG,2023-03-21T06:00:00,109.0,43.0,110.0,44.0,50762.95838051691
MG,2023-03-21T06:00:00,109.0,44.0,110.0,45.0,835818.0124048037
MG,2023-03-21T06:00:00,109.0,45.0,110.0,46.0,57846.16187547275
MG,2023-03-21T06:00:00,110.0,42.0,111.0,43.0,67290.43320208055
MG,2023-03-21T06:00:00,110.0,44.0,111.0,45.0,175899.55345807015
MG,2023-03-21T06:00:00,111.0,43.0,112.0,44.0,1180.5339158259758
MG,2023-03-21T06:00:00,112.0,43.0,113.0,44.0,5902.669579129879
MG,2023-03-21T07:00:00,101.0,44.0,102.0,45.0,138122.46815163898
MG,2023-03-21T07:00:00,102.0,43.0,103.0,44.0,229023.57967023898
MG,2023-03-21T07:00:00,102.0,44.0,103.0,45.0,16527.47482156366
MG,2023-03-21T07:00:00,103.0,42.0,104.0,43.0,70832.03494955847
MG,2023-03-21T07:00:00,103.0,43.0,104.0,44.0,788596.6557717635
MG,2023-03-21T07:00:00,103.0,44.0,104.0,45.0,168816.3499631143
MG,2023-03-21T07:00:00,104.0,41.0,105.0,42.0,10624.805242433782
MG,2023-03-21T07:00:00,104.0,42.0,105.0,43.0,278606.00413493026
MG,2023-03-21T07:00:00,104.0,43.0,105.0,44.0,914913.7847651459
MG,2023-03-21T07:00:00,104.0,44.0,105.0,45.0,217218.24051197924
MG,2023-03-21T07:00:00,105.0,41.0,106.0,42.0,403742.5992124866
MG,2023-03-21T07:00:00,105.0,42.0,106.0,43.0,412006.3366232686
MG,2023-03-21T07:00:00,105.0,43.0,106.0,44.0,864150.8263846277
MG,2023-03-21T07:00:00,105.0,44.0,106.0,45.0,169996.88387894028
MG,2023-03-21T07:00:00,106.0,40.0,107.0,41.0,43679.754885561066
MG,2023-03-21T07:00:00,106.0,41.0,107.0,42.0,835818.0124048037
MG,2023-03-21T07:00:00,106.0,42.0,107.0,43.0,848803.8854788897
MG,2023-03-21T07:00:00,106.0,43.0,107.0,44.0,914913.7847651459
MG,2023-03-21T07:00:00,106.0,44.0,107.0,45.0,378951.3869801405
MG,2023-03-21T07:00:00,106.0,45.0,107.0,46.0,9444.271326607806
MG,2023-03-21T07:00:00,107.0,40.0,108.0,41.0,4722.135663303903
MG,2023-03-21T07:00:00,107.0,41.0,108.0,42.0,711861.9512430733
MG,2023-03-21T07:00:00,107.0,42.0,108.0,43.0,929080.1917550579
MG,2023-03-21T07:00:00,107.0,43.0,108.0,44.0,912552.7169334939
MG,2023-03-21T07:00:00,107.0,44.0,108.0,45.0,596169.627492125
MG,2023-03-21T07:00:00,107.0,45.0,108.0,46.0,1180.5339158259758
MG,2023-03-21T07:00:00,108.0,41.0,109.0,42.0,144025.13773076885
MG,2023-03-21T07:00:00,108.0,42.0,109.0,43.0,511171.18555265287
MG,2023-03-21T07:00:00,108.0,43.0,109.0,44.0,597350.161407951
MG,2023-03-21T07:00:00,108.0,44.0,109.0,45.0,907830.5812701898
MG,2023-03-21T07:00:00,108.0,45.0,109.0,46.0,70832.03494955847
MG,2023-03-21T07:00:00,109.0,41.0,110.0,42.0,8263.73741078183
MG,2023-03-21T07:00:00,109.0,42.0,110.0,43.0,467491.43066709075
MG,2023-03-21T07:00:00,109.0,43.0,110.0,44.0,432075.41319231066
MG,2023-03-21T07:00:00,109.0,44.0,110.0,45.0,590266.957912995
MG,2023-03-21T07:00:00,109.0,45.0,110.0,46.0,56665.62795964678
MG,2023-03-21T07:00:00,110.0,42.0,111.0,43.0,180621.68912137405
MG,2023-03-21T07:00:00,110.0,43.0,111.0,44.0,256175.85973423638
MG,2023-03-21T07:00:00,110.0,44.0,111.0,45.0,492282.6428994368
MG,2023-03-21T07:00:00,111.0,42.0,112.0,43.0,1180.5339158259758
MG,2023-03-21T07:00:00,111.0,44.0,112.0,45.0,69651.5010337325
MG,2023-03-21T07:00:00,112.0,43.0,113.0,44.0,5902.669579129879
MG,2023-03-21T07:00:00,113.0,43.0,114.0,44.0,1180.5339158259758
MG,2023-03-21T08:00:00,101.0,44.0,102.0,45.0,10624.805242433782
MG,2023-03-21T08:00:00,102.0,43.0,103.0,44.0,187704.8926163299
MG,2023-03-21T08:00:00,102.0,44.0,103.0,45.0,9444.271326607806
MG,2023-03-21T08:00:00,103.0,42.0,104.0,43.0,43679.754885561066
MG,2023-03-21T08:00:00,103.0,43.0,104.0,44.0,789777.1896875895
MG,2023-03-21T08:00:00,103.0,44.0,104.0,45.0,92081.645434426
MG,2023-03-21T08:00:00,104.0,42.0,105.0,43.0,273883.86847162625
MG,2023-03-21T08:00:00,104.0,43.0,105.0,44.0,861789.7585529757
MG,2023-03-21T08:00:00,104.0,44.0,105.0,45.0,16527.47482156366
MG,2023-03-21T08:00:00,105.0,41.0,106.0,42.0,200690.7656904156
MG,2023-03-21T08:00:00,105.0,42.0,106.0,43.0,594989.093576299
MG,2023-03-21T08:00:00,105.0,43.0,106.0,44.0,696515.0103373353
MG,2023-03-21T08:00:00,105.0,44.0,106.0,45.0,1180.5339158259758
MG,2023-03-21T08:00:00,106.0,40.0,107.0,41.0,57846.16187547275
MG,2023-03-21T08:00:00,106.0,41.0,107.0,42.0,685890.2050949013
MG,2023-03-21T08:00:00,106.0,42.0,107.0,43.0,879497.7672903658
MG,2023-03-21T08:00:00,106.0,43.0,107.0,44.0,813387.8680041096
MG,2023-03-21T08:00:00,106.0,44.0,107.0,45.0,236106.78316519482
MG,2023-03-21T08:00:00,106.0,45.0,107.0,46.0,7083.203494955855
MG,2023-03-21T08:00:00,107.0,40.0,108.0,41.0,54304.56012799483
MG,2023-03-21T08:00:00,107.0,41.0,108.0,42.0,749639.0365495054
MG,2023-03-21T08:00:00,107.0,42.0,108.0,43.0,944427.1326607959
MG,2023-03-21T08:00:00,107.0,43.0,108.0,44.0,914913.7847651459
MG,2023-03-21T08:00:00,107.0,44.0,108.0,45.0,587905.890081343
MG,2023-03-21T08:00:00,107.0,45.0,108.0,46.0,49582.424464690936
MG,2023-03-21T08:00:00,108.0,41.0,109.0,42.0,367146.0478218805
MG,2023-03-21T08:00:00,108.0,42.0,109.0,43.0,662279.5267783812
MG,2023-03-21T08:00:00,108.0,43.0,109.0,44.0,914913.7847651459
MG,2023-03-21T08:00:00,108.0,44.0,109.0,45.0,558392.5421856929
MG,2023-03-21T08:00:00,108.0,45.0,109.0,46.0,1180.5339158259758
MG,2023-03-21T08:00:00,109.0,41.0,110.0,42.0,94442.71326607795
MG,2023-03-21T08:00:00,109.0,42.0,110.0,43.0,696515.0103373353
MG,2023-03-21T08:00:00,109.0,43.0,110.0,44.0,785055.0540242855
MG,2023-03-21T08:00:00,109.0,44.0,110.0,45.0,785055.0540242855
MG,2023-03-21T08:00:00,109.0,45.0,110.0,46.0,57846.16187547275
MG,2023-03-21T08:00:00,110.0,42.0,111.0,43.0,391937.26005422656
MG,2023-03-21T08:00:00,110.0,43.0,111.0,44.0,643390.9841251652
MG,2023-03-21T08:00:00,110.0,44.0,111.0,45.0,303397.2163672763
MG,2023-03-21T08:00:00,111.0,42.0,112.0,43.0,22430.144400693534
MG,2023-03-21T08:00:00,111.0,43.0,112.0,44.0,321105.2251046664
MG,2023-03-21T08:00:00,111.0,44.0,112.0,45.0,192427.02827963379
MG,2023-03-21T08:00:00,112.0,43.0,113.0,44.0,10624.805242433782
MG,2023-03-21T09:00:00,102.0,43.0,103.0,44.0,49582.424464690936
MG,2023-03-21T09:00:00,103.0,42.0,104.0,43.0,23610.67831651951
MG,2023-03-21T09:00:00,103.0,43.0,104.0,44.0,341174.3016737084
MG,2023-03-21T09:00:00,103.0,44.0,104.0,45.0,80276.30627616626
MG,2023-03-21T09:00:00,104.0,42.0,105.0,43.0,230204.11358606495
MG,2023-03-21T09:00:00,104.0,43.0,105.0,44.0,757902.7739602874
MG,2023-03-21T09:00:00,104.0,44.0,105.0,45.0,88540.04368694808
MG,2023-03-21T09:00:00,105.0,40.0,106.0,41.0,4722.135663303903
MG,2023-03-21T09:00:00,105.0,41.0,106.0,42.0,37777.085306431196
MG,2023-03-21T09:00:00,105.0,42.0,106.0,43.0,661098.9928625552
MG,2023-03-21T09:00:00,105.0,43.0,106.0,44.0,453325.0236771787
MG,2023-03-21T09:00:00,106.0,40.0,107.0,41.0,100345.38284520782
MG,2023-03-21T09:00:00,106.0,41.0,107.0,42.0,265620.1310608442
MG,2023-03-21T09:00:00,106.0,42.0,107.0,43.0,845262.2837314117
MG,2023-03-21T09:00:00,106.0,43.0,107.0,44.0,455686.0915088307
MG,2023-03-21T09:00:00,107.0,40.0,108.0,41.0,54304.56012799483
MG,2023-03-21T09:00:00,107.0,41.0,108.0,42.0,631585.6449669051
MG,2023-03-21T09:00:00,107.0,42.0,108.0,43.0,903108.4456068858
MG,2023-03-21T09:00:00,107.0,43.0,108.0,44.0,776791.3166135035
MG,2023-03-21T09:00:00,107.0,44.0,108.0,45.0,456866.6254246567
MG,2023-03-21T09:00:00,107.0,45.0,108.0,46.0,175899.55345807015
MG,2023-03-21T09:00:00,108.0,41.0,109.0,42.0,371868.1834851845
MG,2023-03-21T09:00:00,108.0,42.0,109.0,43.0,918455.3865126239
MG,2023-03-21T09:00:00,108.0,43.0,109.0,44.0,914913.7847651459
MG,2023-03-21T09:00:00,108.0,44.0,109.0,45.0,854706.5550580197
MG,2023-03-21T09:00:00,108.0,45.0,109.0,46.0,185343.82478467794
MG,2023-03-21T09:00:00,109.0,41.0,110.0,42.0,199510.23177458963
MG,2023-03-21T09:00:00,109.0,42.0,110.0,43.0,937343.9291658399
MG,2023-03-21T09:00:00,109.0,43.0,110.0,44.0,914913.7847651459
MG,2023-03-21T09:00:00,109.0,44.0,110.0,45.0,792138.2575192415
MG,2023-03-21T09:00:00,109.0,45.0,110.0,46.0,57846.16187547275
MG,2023-03-21T09:00:00,110.0,41.0,111.0,42.0,59026.69579129873
MG,2023-03-21T09:00:00,110.0,42.0,111.0,43.0,689431.8068423793
MG,2023-03-21T09:00:00,110.0,43.0,111.0,44.0,907830.5812701898
MG,2023-03-21T09:00:00,110.0,44.0,111.0,45.0,658737.9250309032
MG,2023-03-21T09:00:00,111.0,42.0,112.0,43.0,200690.7656904156
MG,2023-03-21T09:00:00,111.0,43.0,112.0,44.0,612697.1023136891
MG,2023-03-21T09:00:00,111.0,44.0,112.0,45.0,218398.7744278052
MG,2023-03-21T09:00:00,112.0,43.0,113.0,44.0,388395.65830674855
MG,2023-03-21T09:00:00,112.0,44.0,113.0,45.0,16527.47482156366
MG,2023-03-21T09:00:00,113.0,43.0,114.0,44.0,11805.339158259758
MG,2023-03-21T10:00:00,103.0,42.0,104.0,43.0,15346.940905737685
MG,2023-03-21T10:00:00,103.0,43.0,104.0,44.0,43679.754885561066
MG,2023-03-21T10:00:00,104.0,42.0,105.0,43.0,253814.79190258443
MG,2023-03-21T10:00:00,104.0,43.0,105.0,44.0,697695.5442531613
MG,2023-03-21T10:00:00,104.0,44.0,105.0,45.0,29513.34789564938
MG,2023-03-21T10:00:00,105.0,42.0,106.0,43.0,662279.5267783812
MG,2023-03-21T10:00:00,105.0,43.0,106.0,44.0,225481.97792276106
MG,2023-03-21T10:00:00,106.0,40.0,107.0,41.0,73193.10278121041
MG,2023-03-21T10:00:00,106.0,41.0,107.0,42.0,61387.763622950675
MG,2023-03-21T10:00:00,106.0,42.0,107.0,43.0,929080.1917550579
MG,2023-03-21T10:00:00,106.0,43.0,107.0,44.0,251453.72407093248
MG,2023-03-21T10:00:00,107.0,40.0,108.0,41.0,54304.56012799483
MG,2023-03-21T10:00:00,107.0,41.0,108.0,42.0,351799.10691614245
MG,2023-03-21T10:00:00,107.0,42.0,108.0,43.0,944427.1326607959
MG,2023-03-21T10:00:00,107.0,43.0,108.0,44.0,350618.57300031645
MG,2023-03-21T10:00:00,107.0,44.0,108.0,45.0,152288.87514155067
MG,2023-03-21T10:00:00,107.0,45.0,108.0,46.0,84998.44193947015
MG,2023-03-21T10:00:00,108.0,41.0,109.0,42.0,368326.5817377065
MG,2023-03-21T10:00:00,108.0,42.0,109.0,43.0,921996.9882601019
MG,2023-03-21T10:00:00,108.0,43.0,109.0,44.0,880678.3012061918
MG,2023-03-21T10:00:00,108.0,44.0,109.0,45.0,884219.9029536698
MG,2023-03-21T10:00:00,108.0,45.0,109.0,46.0,185343.82478467794
MG,2023-03-21T10:00:00,109.0,41.0,110.0,42.0,199510.23177458963
MG,2023-03-21T10:00:00,109.0,42.0,110.0,43.0,944427.1326607959
MG,2023-03-21T10:00:00,109.0,43.0,110.0,44.0,914913.7847651459
MG,2023-03-21T10:00:00,109.0,44.0,110.0,45.0,907830.5812701898
MG,2023-03-21T10:00:00,109.0,45.0,110.0,46.0,57846.16187547275
MG,2023-03-21T10:00:00,110.0,41.0,111.0,42.0,76734.70452868834
MG,2023-03-21T10:00:00,110.0,42.0,111.0,43.0,739014.2313070714
MG,2023-03-21T10:00:00,110.0,43.0,111.0,44.0,914913.7847651459
MG,2023-03-21T10:00:00,110.0,44.0,111.0,45.0,681168.0694315973
MG,2023-03-21T10:00:00,111.0,42.0,112.0,43.0,432075.41319231066
MG,2023-03-21T10:00:00,111.0,43.0,112.0,44.0,914913.7847651459
MG,2023-03-21T10:00:00,111.0,44.0,112.0,45.0,417909.0062023986
MG,2023-03-21T10:00:00,112.0,42.0,113.0,43.0,251453.72407093248
MG,2023-03-21T10:00:00,112.0,43.0,113.0,44.0,875956.1655428878
MG,2023-03-21T10:00:00,112.0,44.0,113.0,45.0,74373.63669703639
MG,2023-03-21T10:00:00,113.0,42.0,114.0,43.0,2361.0678316519516
MG,2023-03-21T10:00:00,113.0,43.0,114.0,44.0,125136.59507755327
MG,2023-03-21T10:00:00,113.0,44.0,114.0,45.0,5902.669579129879
MG,2023-03-21T11:00:00,104.0,42.0,105.0,43.0,41318.68705390912
MG,2023-03-21T11:00:00,104.0,43.0,105.0,44.0,79095.77236034028
MG,2023-03-21T11:00:00,105.0,42.0,106.0,43.0,286869.7415457123
MG,2023-03-21T11:00:00,105.0,43.0,106.0,44.0,306938.81811475434
MG,2023-03-21T11:00:00,106.0,40.0,107.0,41.0,15346.940905737685
MG,2023-03-21T11:00:00,106.0,41.0,107.0,42.0,67290.43320208055
MG,2023-03-21T11:00:00,106.0,42.0,107.0,43.0,239648.38491267274
MG,2023-03-21T11:00:00,106.0,43.0,107.0,44.0,2361.0678316519516
MG,2023-03-21T11:00:00,107.0,40.0,108.0,41.0,3541.6017474779273
MG,2023-03-21T11:00:00,107.0,41.0,108.0,42.0,378951.3869801405
MG,2023-03-21T11:00:00,107.0,42.0,108.0,43.0,886580.9707853218
MG,2023-03-21T11:00:00,107.0,43.0,108.0,44.0,186524.35870050392
MG,2023-03-21T11:00:00,107.0,44.0,108.0,45.0,1180.5339158259758
MG,2023-03-21T11:00:00,108.0,41.0,109.0,42.0,191246.4943638078
MG,2023-03-21T11:00:00,108.0,42.0,109.0,43.0,921996.9882601019
MG,2023-03-21T11:00:00,108.0,43.0,109.0,44.0,417909.0062023986
MG,2023-03-21T11:00:00,108.0,44.0,109.0,45.0,315202.55552553636
MG,2023-03-21T11:00:00,108.0,45.0,109.0,46.0,36596.55139060522
MG,2023-03-21T11:00:00,109.0,41.0,110.0,42.0,191246.4943638078
MG,2023-03-21T11:00:00,109.0,42.0,110.0,43.0,944427.1326607959
MG,2023-03-21T11:00:00,109.0,43.0,110.0,44.0,878317.2333745398
MG,2023-03-21T11:00:00,109.0,44.0,110.0,45.0,905469.5134385378
MG,2023-03-21T11:00:00,109.0,45.0,110.0,46.0,57846.16187547275
MG,2023-03-21T11:00:00,110.0,41.0,111.0,42.0,76734.70452868834
MG,2023-03-21T11:00:00,110.0,42.0,111.0,43.0,739014.2313070714
MG,2023-03-21T11:00:00,110.0,43.0,111.0,44.0,914913.7847651459
MG,2023-03-21T11:00:00,110.0,44.0,111.0,45.0,681168.0694315973
MG,2023-03-21T11:00:00,111.0,42.0,112.0,43.0,476935.7019936988
MG,2023-03-21T11:00:00,111.0,43.0,112.0,44.0,914913.7847651459
MG,2023-03-21T11:00:00,111.0,44.0,112.0,45.0,455686.0915088307
MG,2023-03-21T11:00:00,112.0,42.0,113.0,43.0,257356.39365006235
MG,2023-03-21T11:00:00,112.0,43.0,113.0,44.0,886580.9707853218
MG,2023-03-21T11:00:00,112.0,44.0,113.0,45.0,74373.63669703639
MG,2023-03-21T11:00:00,113.0,42.0,114.0,43.0,12985.873074085734
MG,2023-03-21T11:00:00,113.0,43.0,114.0,44.0,125136.59507755327
MG,2023-03-21T11:00:00,113.0,44.0,114.0,45.0,5902.669579129879
MG,2023-03-21T12:00:00,104.0,42.0,105.0,43.0,18888.542653215613
MG,2023-03-21T12:00:00,104.0,43.0,105.0,44.0,14166.40698991171
MG,2023-03-21T12:00:00,105.0,42.0,106.0,43.0,105067.51850851171
MG,2023-03-21T12:00:00,105.0,43.0,106.0,44.0,225481.97792276106
MG,2023-03-21T12:00:00,106.0,41.0,107.0,42.0,56665.62795964678
MG,2023-03-21T12:00:00,107.0,41.0,108.0,42.0,131039.26465668314
MG,2023-03-21T12:00:00,108.0,41.0,109.0,42.0,61387.763622950675
MG,2023-03-21T12:00:00,108.0,42.0,109.0,43.0,310480.41986223235
MG,2023-03-21T12:00:00,108.0,43.0,109.0,44.0,22430.144400693534
MG,2023-03-21T12:00:00,108.0,44.0,109.0,45.0,15346.940905737685
MG,2023-03-21T12:00:00,109.0,41.0,110.0,42.0,190065.96044798184
MG,2023-03-21T12:00:00,109.0,42.0,110.0,43.0,688251.2729265533
MG,2023-03-21T12:00:00,109.0,43.0,110.0,44.0,395478.86180170457
MG,2023-03-21T12:00:00,109.0,44.0,110.0,45.0,691792.8746740313
MG,2023-03-21T12:00:00,109.0,45.0,110.0,46.0,57846.16187547275
MG,2023-03-21T12:00:00,110.0,41.0,111.0,42.0,70832.03494955847
MG,2023-03-21T12:00:00,110.0,42.0,111.0,43.0,739014.2313070714
MG,2023-03-21T12:00:00,110.0,43.0,111.0,44.0,914913.7847651459
MG,2023-03-21T12:00:00,110.0,44.0,111.0,45.0,681168.0694315973
MG,2023-03-21T12:00:00,111.0,42.0,112.0,43.0,476935.7019936988
MG,2023-03-21T12:00:00,111.0,43.0,112.0,44.0,914913.7847651459
MG,2023-03-21T12:00:00,111.0,44.0,112.0,45.0,455686.0915088307
MG,2023-03-21T12:00:00,112.0,42.0,113.0,43.0,337632.6999262304
MG,2023-03-21T12:00:00,112.0,43.0,113.0,44.0,886580.9707853218
MG,2023-03-21T12:00:00,112.0,44.0,113.0,45.0,74373.63669703639
MG,2023-03-21T12:00:00,113.0,42.0,114.0,43.0,12985.873074085734
MG,2023-03-21T12:00:00,113.0,43.0,114.0,44.0,125136.59507755327
MG,2023-03-21T12:00:00,113.0,44.0,114.0,45.0,5902.669579129879
MG,2023-03-21T13:00:00,107.0,41.0,108.0,42.0,66109.89928625457
MG,2023-03-21T13:00:00,108.0,41.0,109.0,42.0,50762.95838051691
MG,2023-03-21T13:00:00,108.0,42.0,109.0,43.0,64929.3653704286
MG,2023-03-21T13:00:00,109.0,41.0,110.0,42.0,127497.66290920522
MG,2023-03-21T13:00:00,109.0,42.0,110.0,43.0,201871.29960624158
MG,2023-03-21T13:00:00,109.0,44.0,110.0,45.0,219579.3083436312
MG,2023-03-21T13:00:00,109.0,45.0,110.0,46.0,55485.094043820805
MG,2023-03-21T13:00:00,110.0,41.0,111.0,42.0,76734.70452868834
MG,2023-03-21T13:00:00,110.0,42.0,111.0,43.0,694153.9425056833
MG,2023-03-21T13:00:00,110.0,43.0,111.0,44.0,371868.1834851845
MG,2023-03-21T13:00:00,110.0,44.0,111.0,45.0,629224.5771352531
MG,2023-03-21T13:00:00,111.0,42.0,112.0,43.0,476935.7019936988
MG,2023-03-21T13:00:00,111.0,43.0,112.0,44.0,911372.1830176678
MG,2023-03-21T13:00:00,111.0,44.0,112.0,45.0,455686.0915088307
MG,2023-03-21T13:00:00,112.0,42.0,113.0,43.0,337632.6999262304
MG,2023-03-21T13:00:00,112.0,43.0,113.0,44.0,886580.9707853218
MG,2023-03-21T13:00:00,112.0,44.0,113.0,45.0,74373.63669703639
MG,2023-03-21T13:00:00,113.0,42.0,114.0,43.0,12985.873074085734
MG,2023-03-21T13:00:00,113.0,43.0,114.0,44.0,125136.59507755327
MG,2023-03-21T13:00:00,113.0,44.0,114.0,45.0,5902.669579129879
